0,j_79 j_293 j_49 j_49 j_230 j_230 j_293 ,j_79 ,j_230 j_293 j_49 j_79 j_49 ,j_293 j_79 j_66 j_79 j_49 j_79 ,j_783 j_293 j_783 j_293 j_230 j_79 ,j_66 j_49 j_49 j_49 ,j_49 j_783 j_79 j_49 j_49 j_783 j_783 j_49 ,j_230 j_49 j_79 j_230 j_293 j_783 j_66 j_293 ,j_783 j_783 j_79 j_49 ,j_49 j_49 j_230 j_230 j_293 j_230 ,j_66 j_79 j_783 ,j_783 j_66 j_230 ,j_79 j_230 j_66 ,j_79 j_79 j_293 j_49 j_79 j_66 ,j_293 j_230 j_79 j_783 j_783 j_783 j_49 ,j_230 j_230 j_783 j_49 j_79 ,j_293 j_79 j_230 j_783 ,j_49 j_230 j_783 j_783 j_79 j_79 ,j_293 j_783 j_783 j_49 ,j_293 j_66 j_783 j_66 
1,j_293 j_49 j_79 j_66 j_293 j_66 j_66 j_230 ,j_230 j_66 j_293 j_783 ,j_783 j_230 j_79 j_230 ,j_230 j_783 ,j_783 j_79 j_230 j_49 j_783 j_293 ,j_66 j_783 j_293 j_49 j_49 j_79 j_783 j_66 j_783 j_49 j_79 ,j_293 j_783 j_66 j_230 j_79 ,j_79 j_49 j_293 j_230 j_293 j_293 j_293 j_79 ,j_783 j_79 j_230 j_293 ,j_293 j_66 j_230 j_49 j_79 j_49 j_293 ,j_230 j_79 j_49 ,j_49 j_79 ,j_230 j_49 j_79 j_230 j_230 j_783 j_66 j_230 ,j_79 j_49 j_230 j_49 j_79 j_49 ,j_79 j_49 j_79 j_293 j_293 j_79 j_230 j_783 ,j_79 j_783 j_293 j_293 j_79 ,j_79 j_230 j_79 j_79 ,j_66 j_293 j_293 j_79 ,j_783 j_79 ,j_49 j_79 j_49 j_49 
2,j_49 j_783 j_783 j_79 j_230 j_79 j_783 j_66 ,j_79 j_79 ,j_66 j_783 j_79 j_783 j_783 j_66 j_230 j_66 ,j_79 j_293 j_79 j_230 j_66 j_66 j_293 ,j_293 j_230 j_783 j_79 j_293 j_79 j_230 j_49 ,j_783 j_783 j_230 ,j_79 j_79 ,j_293 j_783 j_230 j_230 j_79 j_79 j_79 j_66 j_66 j_79 j_49 ,j_783 j_230 j_783 j_230 j_66 j_783 j_230 j_230 ,j_49 j_66 j_783 j_783 j_79 j_79 j_79 j_230 ,j_66 j_783 j_230 j_783 ,j_230 j_79 j_293 j_783 j_230 j_230 j_230 j_783 j_230 j_49 ,j_49 j_66 ,j_66 j_783 ,j_293 j_293 j_230 j_783 j_66 j_293 ,j_79 ,j_293 j_79 j_293 j_293 ,j_49 j_293 j_49 j_293 j_79 j_783 j_783 ,j_79 j_293 j_230 j_783 j_49 j_230 j_230 j_783 j_66 j_79 j_66 ,j_49 j_66 j_293 j_230 j_79 
3,j_293 j_79 j_79 j_66 ,j_783 j_49 j_79 ,j_783 j_79 j_230 j_79 ,j_49 j_293 j_783 j_79 j_79 j_49 j_230 j_49 ,j_783 j_783 ,j_49 ,j_49 j_293 j_49 j_230 j_230 ,j_66 j_49 j_66 j_79 j_79 ,j_783 j_293 j_293 j_783 j_783 j_79 j_79 ,j_66 j_49 ,j_49 j_79 j_293 j_293 j_49 j_293 j_79 ,j_293 j_49 j_293 j_66 j_79 j_79 j_783 ,j_783 j_79 j_783 j_293 j_49 j_79 ,j_230 j_293 j_783 j_293 j_49 j_783 j_230 ,j_783 j_783 j_783 ,j_230 j_79 j_49 j_49 j_230 j_66 ,j_49 j_66 j_783 j_783 j_79 ,j_293 j_230 j_49 j_783 j_293 ,j_66 j_783 j_230 j_783 j_66 ,j_79 j_293 j_783 j_230 j_293 j_783 j_79 
4,j_230 j_79 j_783 j_79 ,j_230 j_230 j_293 j_293 j_230 j_79 j_66 j_66 j_230 j_66 j_783 ,j_230 j_293 j_49 ,j_49 j_79 j_79 j_79 j_230 j_293 j_230 j_66 ,j_66 j_66 j_783 ,j_783 j_66 j_230 j_293 j_49 j_79 j_783 ,j_230 j_783 j_230 j_783 j_783 ,j_293 j_79 j_66 j_66 j_79 j_230 j_79 j_66 ,j_783 j_49 j_230 j_79 j_79 j_66 j_49 j_79 j_230 j_49 ,j_783 j_49 j_49 ,j_66 j_230 j_230 j_783 j_79 j_79 ,j_293 j_230 j_79 j_79 j_293 j_66 j_79 j_293 j_79 ,j_66 j_79 j_49 j_49 j_66 j_66 j_783 ,j_783 ,j_293 ,j_783 j_783 j_293 ,j_293 j_230 j_66 j_79 j_783 j_79 ,j_79 j_66 j_49 j_293 j_230 j_293 j_66 j_66 ,j_783 j_230 j_79 j_49 j_49 ,j_79 j_79 j_66 j_79 j_79 
5,j_783 j_49 j_79 j_230 j_66 ,j_49 j_783 j_49 j_783 j_66 ,j_230 j_49 j_49 j_230 j_293 j_79 ,j_230 j_49 j_293 j_49 j_79 j_79 j_230 j_230 j_293 ,j_783 j_783 j_230 j_66 ,j_783 j_783 j_66 j_783 j_66 j_783 ,j_783 j_230 j_230 j_783 j_293 j_230 j_49 j_783 ,j_783 j_66 j_230 j_49 j_783 j_230 j_293 j_230 ,j_79 j_49 j_783 j_230 j_230 j_293 ,j_79 j_49 j_66 j_293 ,j_49 j_79 j_783 j_230 j_49 ,j_66 j_49 ,j_79 j_66 j_49 j_230 j_783 j_49 j_79 ,j_783 j_783 j_49 j_293 j_49 j_79 j_49 ,j_783 j_79 j_293 j_79 ,j_66 j_293 j_230 j_66 j_230 j_783 ,,j_79 j_783 j_230 j_49 j_66 j_66 j_783 j_230 j_79 j_783 ,j_783 j_293 j_66 j_293 j_783 j_293 ,j_783 j_230 j_66 
6,j_49 j_230 j_79 j_230 j_66 j_783 ,j_79 j_66 j_49 j_293 j_293 j_293 j_66 j_783 j_79 ,j_230 j_66 ,j_66 j_230 ,j_783 j_66 ,j_79 j_66 j_49 j_79 j_230 j_783 j_79 ,j_783 j_79 ,j_293 j_293 j_79 j_293 j_293 ,j_49 j_49 j_49 j_293 j_49 j_293 j_230 j_293 j_49 ,j_79 j_230 j_49 j_230 j_783 j_230 j_66 ,j_66 j_66 j_293 j_293 j_66 j_49 j_66 ,j_66 j_293 j_293 j_230 ,j_293 j_66 ,j_783 j_783 j_79 j_66 ,j_293 j_783 j_230 j_783 j_230 j_66 ,j_79 j_230 j_230 j_230 j_66 ,j_783 j_783 j_783 ,j_293 j_79 j_230 j_293 j_293 j_79 ,j_49 j_783 j_79 j_49 j_230 j_783 ,j_79 j_79 j_293 j_79 
7,j_49 j_783 j_66 j_79 j_293 j_783 j_230 ,j_79 j_49 j_783 j_293 ,j_49 j_49 j_66 j_293 j_66 ,j_230 j_49 ,j_49 j_230 j_293 j_230 j_230 j_66 j_79 ,j_293 j_66 j_783 j_79 j_293 ,j_49 j_79 j_79 j_49 j_293 ,j_66 j_230 j_66 j_783 j_783 j_79 ,j_783 j_49 j_293 ,j_293 j_230 j_293 ,j_230 j_49 j_79 j_49 j_79 ,j_293 j_230 j_49 ,j_783 j_293 j_293 j_49 j_79 j_293 j_66 ,j_783 j_783 ,j_79 j_49 j_230 j_66 j_783 j_66 ,j_66 j_783 j_230 ,j_49 j_293 j_79 j_49 ,j_783 j_79 j_66 j_49 ,j_66 j_66 j_783 j_66 j_49 ,j_293 j_293 j_79 j_49 
8,j_293 j_783 j_230 j_783 j_49 j_66 j_230 ,j_49 j_230 j_49 ,j_293 j_49 j_293 j_49 j_783 j_230 ,j_79 j_230 j_783 ,j_293 j_79 j_49 j_783 j_293 ,j_293 j_230 j_783 j_49 j_783 ,j_783 j_49 j_79 j_293 j_66 j_66 j_230 j_783 j_230 j_293 j_49 j_49 ,j_49 j_293 j_783 j_293 j_783 ,j_230 j_66 j_293 j_79 ,j_783 j_293 j_293 j_783 ,j_230 j_230 j_79 j_230 ,j_293 j_783 j_783 j_66 j_230 j_49 ,j_66 j_783 j_79 j_230 j_66 j_783 j_293 ,j_230 j_293 j_230 j_230 j_79 j_49 j_66 j_293 j_293 j_49 ,j_66 j_79 j_79 j_783 ,j_49 j_230 j_783 ,j_49 j_230 j_783 j_79 j_230 ,j_230 j_66 j_230 j_66 j_230 j_783 j_79 j_783 ,j_66 j_79 j_783 j_230 ,j_230 j_79 j_66 j_783 j_66 j_293 
9,j_230 j_293 j_783 j_49 j_783 ,j_230 j_49 j_66 j_66 j_230 j_230 j_49 j_783 ,j_783 j_230 j_783 j_230 j_66 ,j_79 j_783 j_49 j_66 j_66 j_49 j_79 j_49 j_293 ,j_230 j_49 j_49 ,j_79 j_79 j_66 ,j_66 j_230 j_66 j_230 j_66 j_49 j_293 ,j_783 j_783 j_49 j_783 ,j_230 j_293 j_230 j_49 j_49 j_49 j_783 ,j_783 j_49 j_79 ,j_783 j_230 j_293 j_66 j_66 j_66 ,j_66 j_66 j_230 j_49 j_230 j_79 j_293 ,j_79 j_293 j_79 j_293 j_49 ,j_49 j_783 j_49 j_66 j_79 j_49 j_293 ,j_783 j_49 j_783 ,,j_49 j_783 j_293 j_66 j_783 ,j_66 j_230 j_783 j_783 j_66 j_49 j_79 ,j_293 j_783 j_783 j_66 j_66 ,j_66 j_293 j_66 j_230 j_79 j_230 
10,j_293 j_49 ,j_49 j_79 j_230 ,j_49 j_293 j_293 j_230 j_230 ,j_783 j_230 j_293 j_230 j_79 ,j_783 j_66 j_66 ,j_293 j_49 j_230 j_49 j_230 j_293 j_79 j_79 ,j_230 j_293 j_230 j_79 j_49 j_293 j_293 j_783 ,j_230 j_49 j_293 j_293 j_49 j_66 j_230 j_783 j_79 j_66 ,j_293 j_79 ,j_230 j_66 j_79 j_293 ,j_293 ,j_783 j_230 j_66 j_66 ,j_783 j_293 j_230 j_49 ,j_79 j_66 j_49 j_783 ,j_79 j_230 j_230 j_66 ,j_293 j_79 j_66 j_79 j_79 j_79 ,j_230 j_49 ,j_293 j_79 j_66 j_49 j_230 j_293 j_293 j_293 ,j_66 j_783 j_293 j_49 j_783 ,j_66 j_293 j_783 j_293 
11,j_49 j_783 ,j_230 j_49 j_230 j_230 j_230 ,j_49 j_49 j_66 j_230 j_49 ,j_783 j_66 j_230 j_230 j_230 j_230 j_293 ,j_66 j_49 ,j_49 j_293 j_66 ,j_79 j_783 j_66 j_230 j_293 j_783 ,j_783 j_66 j_49 j_783 j_49 j_66 ,j_230 j_49 j_79 j_783 j_79 ,j_79 j_66 ,j_783 j_49 j_230 j_49 j_783 j_49 ,j_66 j_66 j_230 ,j_230 j_79 j_230 ,j_49 j_66 j_230 ,j_230 j_66 j_49 j_49 ,j_783 j_230 j_783 ,j_293 j_783 j_66 j_783 j_293 j_293 j_230 ,j_230 j_49 ,j_293 j_783 j_66 ,j_49 j_79 j_79 j_49 j_79 j_230 j_79 j_79 
12,j_783 j_66 j_230 j_783 j_783 j_49 ,j_293 j_66 j_293 j_79 ,j_783 j_783 j_230 j_293 j_79 j_783 ,j_49 j_79 ,j_66 j_293 j_783 j_79 ,j_230 j_66 ,j_783 j_230 j_66 j_230 j_293 j_49 j_230 j_49 ,j_66 ,j_783 j_293 j_783 j_79 j_230 ,j_49 j_79 j_79 j_783 j_49 j_49 j_49 ,j_79 j_79 j_293 j_79 j_49 j_230 ,j_230 j_49 j_49 ,j_66 j_293 j_293 j_230 j_49 ,j_783 j_293 j_293 j_49 ,j_783 j_293 j_293 j_293 j_49 ,j_66 j_79 j_66 j_79 ,j_79 j_79 j_230 j_49 j_49 j_79 j_66 ,j_783 j_293 j_230 j_79 ,j_79 j_79 j_293 j_230 j_49 ,j_783 j_49 j_49 j_79 j_783 j_293 j_66 
13,j_79 j_293 j_783 ,j_79 j_49 j_66 j_79 j_293 j_230 j_66 j_49 j_49 j_66 j_79 j_293 ,j_66 j_66 j_783 j_230 j_49 j_230 j_49 j_783 ,j_49 j_293 j_293 j_293 j_79 ,j_79 j_783 j_293 j_66 ,j_79 j_293 j_79 j_230 j_79 ,j_230 j_783 j_79 j_79 j_79 j_783 j_79 ,j_49 j_49 j_66 j_783 ,j_49 j_49 ,j_783 j_49 j_230 j_230 ,j_79 j_79 j_79 j_66 j_293 ,j_230 j_49 j_79 j_230 j_66 j_66 j_230 ,j_49 j_783 j_79 j_79 j_49 j_66 ,j_783 j_230 j_293 ,j_783 j_230 j_293 j_79 j_230 ,j_79 j_293 j_293 j_49 j_783 j_49 j_230 ,j_66 j_293 j_49 j_783 j_49 j_783 j_783 j_783 j_783 ,j_783 j_230 j_783 j_66 j_230 j_79 ,j_49 j_79 j_230 j_79 j_49 ,j_230 j_79 j_230 j_293 j_230 j_66 j_79 j_783 
14,j_230 j_79 j_66 j_66 j_79 j_49 j_49 ,j_783 j_783 j_783 j_79 j_49 ,j_79 j_49 j_66 j_293 j_49 ,j_79 j_293 j_66 j_230 ,j_783 j_293 j_66 j_783 j_230 j_293 j_783 ,j_49 ,j_230 j_49 j_49 j_66 j_79 j_230 ,j_293 j_66 j_49 ,j_66 j_293 j_66 j_230 j_66 ,j_783 j_293 j_783 j_79 j_79 ,j_230 j_230 j_49 j_79 ,j_79 j_49 j_293 j_783 j_79 j_79 j_230 j_230 ,j_79 j_230 ,j_783 j_49 j_783 j_49 j_49 j_230 ,j_230 j_79 j_49 j_79 j_49 j_49 j_230 j_783 j_293 ,j_230 j_49 j_49 j_66 j_783 j_49 ,j_49 ,j_230 j_293 j_79 j_66 j_293 j_49 j_66 j_293 ,j_49 j_79 ,j_230 j_783 j_66 j_66 j_79 j_66 j_66 
15,j_66 j_783 j_783 j_66 j_66 ,j_230 j_66 j_79 j_230 j_79 j_293 j_79 ,j_230 j_79 j_293 j_66 j_66 j_293 j_293 ,j_783 j_293 j_293 j_783 j_79 ,j_66 j_293 ,j_783 j_66 j_66 j_79 j_293 j_79 j_293 j_230 ,j_783 j_293 j_79 j_293 j_66 j_49 ,j_783 j_49 ,j_293 j_49 j_79 ,j_79 j_230 j_783 j_66 j_230 j_230 ,j_49 j_230 j_783 j_49 j_49 j_66 j_79 j_79 j_293 ,j_293 j_66 j_66 j_230 j_783 ,j_783 j_66 j_66 j_66 ,j_49 j_230 j_79 j_230 j_230 j_293 ,j_230 j_49 j_66 j_293 j_66 j_293 ,j_79 j_79 j_293 j_66 j_293 j_79 ,j_49 j_79 j_49 j_293 ,j_230 j_49 j_66 j_49 j_230 j_293 j_49 j_230 ,j_230 j_49 j_79 j_66 j_49 j_230 ,j_783 j_66 j_293 
16,j_230 j_293 j_79 j_49 ,j_49 j_49 j_293 j_230 j_293 j_79 ,j_49 j_66 j_49 j_49 j_293 j_783 j_230 j_293 ,j_230 j_230 j_66 j_49 j_230 j_293 ,j_230 j_293 j_230 j_79 j_293 j_783 j_293 ,j_230 ,j_293 j_49 j_230 j_79 j_79 ,j_293 j_783 j_66 j_49 j_293 j_783 j_293 ,j_49 j_49 j_230 j_49 j_230 j_79 ,j_79 j_783 j_79 ,j_293 j_230 j_293 j_293 j_783 j_79 j_783 ,j_293 j_49 j_783 j_79 j_66 j_293 j_66 j_293 ,j_230 j_66 j_66 j_783 j_66 ,j_230 j_230 j_79 j_66 ,j_783 j_49 ,j_230 j_79 j_79 j_783 j_66 ,j_79 j_293 j_293 j_230 j_79 j_79 j_230 j_783 j_66 j_49 ,j_49 j_49 ,j_783 j_79 j_49 j_79 j_783 ,j_66 j_49 j_293 j_79 
17,j_230 j_79 j_66 ,j_230 j_293 j_293 j_66 j_230 j_293 ,j_293 j_783 j_49 j_783 j_79 j_79 j_66 j_293 j_293 j_293 ,j_49 j_79 j_79 j_230 j_293 j_49 ,j_49 j_79 ,j_293 j_783 j_49 j_783 j_783 j_49 ,j_293 j_230 j_293 j_79 ,j_66 j_783 j_79 j_66 j_79 j_79 j_49 ,j_49 j_49 j_79 j_783 j_49 j_49 j_66 ,j_79 j_49 j_293 j_49 j_49 ,j_230 j_293 j_230 j_49 j_293 ,j_783 j_783 j_293 j_66 j_293 j_230 j_783 j_49 ,j_79 j_783 j_49 j_66 j_79 j_49 ,j_79 j_293 j_230 j_783 j_230 j_783 j_66 j_293 ,j_230 j_783 j_79 j_230 j_783 j_783 ,j_49 j_66 j_293 j_66 j_230 ,j_66 j_66 j_49 j_66 ,j_79 j_79 j_230 j_66 j_79 ,j_293 j_293 j_66 j_783 j_49 j_49 j_783 ,j_293 j_293 
18,j_66 j_49 j_49 ,j_230 j_49 j_293 ,j_293 j_293 j_66 j_66 j_783 j_49 ,j_49 j_230 j_293 j_230 j_49 j_783 j_293 j_293 j_293 j_49 ,j_783 j_783 j_66 j_49 j_79 ,j_66 j_49 j_66 ,j_49 j_230 j_783 j_66 j_293 j_66 ,j_79 j_66 j_230 j_230 j_783 j_293 j_49 ,j_293 j_293 j_79 j_293 j_293 j_79 ,j_783 j_49 j_783 j_66 ,j_783 j_49 j_783 j_293 j_66 ,j_293 j_66 ,j_79 j_49 j_66 j_79 j_66 ,j_79 j_49 j_230 ,j_783 j_783 j_66 j_79 ,j_49 j_230 j_66 j_49 j_66 j_783 j_79 j_293 ,j_293 j_293 j_66 j_783 ,j_783 j_293 j_79 j_293 j_49 j_49 ,j_230 j_79 j_230 j_783 j_49 j_66 j_230 ,j_66 j_79 j_66 j_783 j_79 j_79 
19,j_230 j_79 j_66 j_783 j_293 j_293 j_293 j_66 ,j_79 j_66 j_66 ,j_66 j_230 j_66 j_230 j_783 j_783 j_230 ,j_49 j_79 j_783 j_66 j_230 j_293 j_66 j_79 j_49 j_49 ,j_230 j_783 j_66 ,j_293 j_293 j_230 j_49 j_79 j_230 ,j_293 j_79 j_230 j_293 j_783 j_783 j_66 ,j_49 j_49 j_293 j_66 ,j_79 j_66 j_230 ,j_230 ,j_293 ,j_79 j_293 j_79 j_293 j_49 j_230 j_783 j_293 j_49 ,j_293 j_66 j_49 j_293 j_79 ,j_230 j_79 j_66 j_230 ,j_49 j_79 j_79 j_49 j_230 j_49 j_230 j_293 ,j_293 j_783 j_79 j_783 j_49 ,j_783 j_49 j_783 j_79 j_66 j_230 j_66 ,j_66 j_783 j_49 j_230 j_293 ,j_293 j_66 j_293 j_783 j_293 ,j_230 j_66 
20,j_783 j_66 ,j_783 j_79 j_66 ,j_293 j_783 j_49 j_293 ,j_230 j_293 j_783 j_49 ,j_783 j_230 j_230 j_230 j_79 j_49 j_293 j_783 j_293 j_66 j_49 ,j_79 j_49 ,j_783 j_66 j_230 j_293 j_66 j_49 ,j_79 j_49 j_293 j_783 j_79 ,j_293 j_49 j_293 j_293 j_230 ,j_230 j_293 j_783 j_79 ,j_293 j_230 j_293 j_783 j_66 j_783 ,j_66 j_79 j_230 j_49 j_293 j_49 ,j_49 j_293 j_66 ,j_49 j_230 j_293 j_783 j_66 j_230 ,j_230 j_79 j_293 j_230 j_49 j_230 j_49 ,j_49 j_66 j_783 j_49 ,j_49 j_230 j_49 j_783 j_66 j_230 ,j_49 j_49 j_293 j_79 j_293 j_79 ,j_49 j_79 j_783 j_49 j_293 j_49 j_783 ,j_49 j_79 j_66 
21,j_79 j_783 ,j_783 j_66 j_783 j_293 j_79 ,j_230 j_783 ,j_49 j_783 j_79 j_66 j_293 j_293 j_230 j_49 ,j_230 j_293 j_49 j_49 j_783 ,j_783 j_49 j_49 j_783 ,j_783 j_230 j_66 j_293 ,j_49 j_783 j_230 j_49 j_783 ,j_293 j_79 j_79 j_783 ,j_79 j_293 j_230 j_230 j_49 j_293 j_230 ,j_49 j_230 ,j_293 j_79 j_783 j_230 j_79 j_66 j_293 ,j_293 j_783 ,j_293 j_783 j_49 j_79 j_293 ,j_79 j_293 j_79 j_293 ,j_49 j_230 j_783 j_66 j_230 ,j_49 ,j_230 j_783 j_49 ,j_66 j_66 j_783 j_49 ,j_66 j_783 j_230 j_230 
22,j_79 j_79 j_783 j_79 j_783 j_230 j_79 j_49 j_66 ,j_293 j_49 j_49 ,j_783 j_230 j_66 j_66 j_49 ,j_230 j_783 j_783 j_230 j_293 j_293 ,j_79 j_79 j_79 j_66 j_230 j_79 j_293 j_293 ,j_783 j_66 j_293 j_293 j_293 ,j_230 j_293 j_293 j_49 j_293 j_230 j_49 ,j_783 j_230 j_49 j_230 ,j_293 j_230 j_783 ,j_79 j_230 ,j_79 j_49 j_293 j_49 j_293 j_783 j_49 j_293 j_293 ,j_66 j_66 j_783 j_49 j_79 j_49 j_79 j_79 j_783 j_66 ,j_293 j_49 j_79 j_230 j_230 ,j_293 j_783 j_79 j_293 ,j_79 j_79 j_79 j_293 j_293 j_66 ,j_79 j_66 j_230 j_783 j_230 j_79 ,j_49 j_49 j_230 j_293 j_66 ,j_49 j_49 j_49 j_293 ,j_66 j_79 j_293 j_79 j_783 j_79 j_66 ,j_49 j_230 j_230 j_783 
23,j_230 j_66 j_293 ,j_783 j_66 j_293 j_66 j_49 ,j_66 j_49 j_783 ,j_230 j_783 j_49 j_66 j_293 j_49 j_293 ,j_230 j_66 j_66 ,j_293 j_293 j_293 ,j_293 j_66 j_783 j_230 ,j_293 j_66 j_49 j_783 j_230 ,j_293 j_66 j_66 j_293 j_66 ,j_783 j_783 j_79 j_79 j_783 j_230 j_79 j_783 j_49 j_230 ,j_783 j_49 ,j_66 j_49 j_79 j_783 ,j_783 j_783 j_783 j_66 ,j_66 j_49 j_79 j_783 j_66 j_66 j_783 ,j_783 j_79 j_783 j_66 j_783 j_49 j_293 j_66 j_49 ,j_49 j_293 j_79 j_66 j_783 j_79 j_66 ,j_79 j_230 j_49 j_783 ,j_66 j_230 j_783 j_79 j_783 j_783 j_293 ,j_79 ,j_66 j_49 j_293 j_66 j_49 
24,j_293 j_66 j_49 ,j_230 j_79 j_230 j_293 ,j_783 j_293 j_783 ,j_49 j_230 j_79 j_79 ,j_783 j_66 j_66 j_66 j_293 j_49 ,j_230 j_293 j_783 j_230 j_66 ,j_49 j_783 j_230 j_79 j_49 j_783 j_230 ,j_79 j_783 j_49 j_230 j_49 ,j_230 j_783 j_230 ,j_230 j_293 j_66 j_66 j_783 ,j_230 j_49 j_79 j_66 j_66 j_230 ,j_49 j_783 j_79 ,j_783 j_49 j_230 j_783 j_79 j_230 ,j_66 j_79 j_49 j_49 j_66 j_49 ,j_783 j_230 j_49 j_230 j_79 j_49 ,j_293 j_79 j_230 j_230 ,j_230 j_66 j_230 j_49 ,j_293 j_66 j_79 j_66 j_66 j_230 j_783 j_293 j_79 ,j_783 j_66 j_79 j_66 j_49 j_66 j_783 j_783 ,j_66 j_783 j_49 j_230 j_66 j_79 j_293 j_66 j_230 j_66 
25,j_79 j_79 j_230 ,j_230 j_293 j_293 j_783 ,j_293 j_293 j_66 j_230 j_79 j_66 j_49 j_49 j_79 j_79 ,j_230 j_66 j_293 j_230 j_230 j_79 j_79 j_49 ,j_293 ,j_783 j_783 j_293 ,j_79 j_783 j_66 j_66 j_783 j_293 ,j_783 j_783 j_66 ,j_79 j_79 j_49 j_230 j_293 j_49 ,j_783 j_293 j_783 j_230 ,j_49 j_66 j_293 ,j_79 j_79 j_66 j_230 ,j_66 j_66 j_66 j_66 j_79 j_230 j_49 ,j_293 j_293 j_79 ,j_66 j_293 j_66 j_79 ,j_783 j_49 j_230 j_79 ,j_49 j_783 j_783 j_230 ,j_79 j_230 j_783 ,j_783 j_66 j_230 j_49 ,j_293 j_783 j_66 j_293 
26,j_230 j_230 j_49 j_783 j_49 ,j_79 j_49 j_79 j_79 j_783 j_293 ,j_293 j_230 j_66 j_79 j_49 j_783 j_230 j_49 ,j_79 j_293 j_66 j_79 ,j_49 j_66 j_49 j_66 j_66 j_79 j_230 j_79 j_783 ,j_49 j_293 j_783 j_230 j_293 ,j_79 j_230 j_49 j_66 j_230 ,j_230 j_293 j_66 ,j_783 j_783 j_293 ,j_783 j_49 j_783 j_783 j_49 j_49 j_230 j_293 j_66 ,j_293 j_79 j_783 j_783 j_49 j_293 j_79 ,j_49 j_66 j_783 j_66 j_293 j_783 j_79 j_783 j_49 ,j_293 j_293 j_79 j_783 j_230 j_49 j_66 ,j_230 j_293 j_783 j_230 j_293 ,j_293 ,j_49 j_783 j_79 j_230 j_230 j_49 j_66 ,j_293 j_66 j_49 j_79 j_79 j_66 j_79 ,j_66 j_66 j_66 j_49 j_230 ,j_66 j_49 j_230 j_783 j_49 ,j_783 j_230 j_230 j_66 j_49 j_783 j_293 j_49 j_783 
27,j_293 j_293 j_79 ,j_230 j_230 j_66 j_293 j_49 j_293 ,j_783 j_49 j_783 j_49 j_49 ,j_293 j_66 ,j_783 j_66 j_49 ,j_293 j_79 j_79 j_783 j_230 ,j_66 j_79 j_230 j_293 j_66 ,j_230 j_293 j_49 j_79 j_79 ,j_783 j_79 j_293 j_79 ,j_293 j_66 j_66 j_66 j_293 j_49 j_293 ,j_66 j_230 j_79 j_783 j_79 j_49 ,j_66 j_293 j_783 j_230 j_230 ,j_66 j_79 j_230 j_66 ,j_783 j_230 j_79 ,j_79 j_49 j_293 j_49 j_66 j_49 j_66 ,j_66 j_79 j_293 j_783 j_49 j_230 ,j_293 j_49 ,j_293 ,j_783 j_230 j_66 j_79 j_49 j_293 j_293 j_79 ,j_79 j_66 j_66 j_66 j_230 j_293 
28,j_230 j_66 j_230 j_49 ,j_293 j_66 j_79 j_79 ,j_783 j_783 j_783 j_79 j_783 j_230 j_230 j_293 j_49 ,j_49 j_293 j_293 j_783 j_49 j_79 j_293 ,j_293 j_293 j_293 ,j_49 j_783 j_230 j_293 ,j_293 j_49 j_230 j_79 ,j_293 j_79 j_293 j_66 j_49 j_230 ,j_230 j_230 j_79 j_66 ,j_66 j_66 j_66 j_79 j_49 j_293 ,j_49 j_66 j_79 j_66 j_66 j_293 j_783 j_783 j_79 ,j_49 j_230 j_66 j_783 j_293 ,j_66 j_783 j_230 ,j_49 j_293 ,j_79 j_783 j_49 j_79 j_230 ,j_79 j_49 j_79 j_79 j_66 ,j_66 j_783 j_66 j_783 j_49 j_49 j_49 ,j_79 j_783 j_230 j_293 j_49 j_49 ,j_293 j_230 j_293 j_66 j_49 ,j_79 j_230 j_230 j_230 
29,j_49 j_66 j_66 j_49 j_230 j_49 ,j_293 j_49 j_79 j_293 j_49 ,j_66 j_230 ,j_230 j_79 j_49 j_783 ,j_66 j_293 j_230 j_230 j_230 j_783 ,j_230 j_49 j_49 ,j_66 j_783 j_230 j_783 j_49 ,j_79 j_230 j_66 j_79 ,j_66 j_79 j_293 j_66 j_783 ,j_230 j_783 j_230 j_66 ,j_79 j_79 j_783 j_66 ,j_230 j_66 j_49 j_783 j_230 j_293 j_49 ,j_66 j_49 ,j_79 j_79 j_49 j_230 j_783 j_230 j_230 ,j_66 j_783 j_79 ,j_66 j_66 j_66 ,j_49 j_66 j_783 j_79 j_66 ,j_79 j_230 ,j_66 j_783 j_49 j_230 j_230 j_49 ,j_783 j_49 j_49 j_49 j_49 
30,j_783 j_293 j_293 j_293 j_783 j_783 ,j_293 j_66 j_230 j_79 ,j_230 j_66 j_49 j_66 j_293 j_230 ,j_79 j_79 j_230 j_293 j_66 ,j_230 j_79 j_230 j_293 j_230 ,j_783 j_79 j_293 ,j_66 j_293 j_293 j_783 j_79 j_230 j_79 ,j_293 j_230 j_66 ,j_230 ,j_293 j_230 j_66 j_49 ,j_49 j_79 j_66 j_49 j_230 ,j_49 j_79 j_49 j_66 j_66 j_230 j_230 ,j_293 j_49 j_79 j_66 j_49 ,j_66 j_230 j_293 j_49 j_66 j_49 ,j_293 j_49 j_66 j_66 ,j_66 j_230 j_783 j_293 j_66 j_293 j_293 j_783 ,j_79 j_79 j_66 j_293 j_49 ,j_230 j_79 j_783 j_230 j_49 j_79 ,j_79 j_293 j_230 j_783 j_49 ,j_230 j_66 j_783 j_66 j_293 j_66 j_66 
31,j_66 j_66 j_293 j_230 ,j_293 j_79 j_79 j_783 j_230 j_79 j_293 ,j_293 j_783 j_79 j_49 j_66 j_79 j_66 ,j_49 j_293 ,j_49 j_230 ,j_230 j_49 ,j_293 j_783 j_66 j_66 j_66 ,j_783 j_230 j_783 ,j_79 j_783 j_783 j_783 ,j_783 j_293 j_49 j_783 j_79 ,j_293 j_66 j_293 j_79 j_79 j_49 j_66 j_293 ,j_66 j_79 j_66 j_66 j_79 j_230 ,j_783 j_293 j_783 j_230 ,j_783 j_230 j_66 j_293 j_66 j_293 j_783 ,j_49 j_49 j_783 ,j_230 j_49 ,j_66 j_66 j_49 j_230 j_230 j_49 ,j_79 j_49 j_293 j_79 j_66 ,j_230 j_230 j_66 j_783 j_293 ,j_293 j_230 j_293 
32,j_783 j_66 j_66 ,j_293 j_293 j_66 j_230 j_79 j_783 j_49 ,j_66 j_293 j_230 j_66 j_49 ,j_79 j_230 j_79 j_230 j_79 j_49 ,j_783 j_79 j_66 j_49 j_293 j_49 j_783 j_49 j_230 ,j_293 j_79 ,j_293 j_66 j_230 ,j_783 j_79 j_293 j_783 ,j_66 j_79 ,j_66 j_66 j_79 j_783 j_66 ,j_293 j_79 j_293 j_49 j_66 j_783 ,j_230 j_293 j_293 j_79 j_293 j_783 j_293 j_79 j_293 j_783 j_230 j_783 ,j_66 j_783 j_783 j_230 j_49 j_230 ,j_79 j_66 j_293 j_66 j_783 j_66 j_66 ,j_66 j_49 j_783 j_79 j_783 j_79 j_66 ,,j_293 j_230 j_66 j_49 j_66 j_783 ,j_66 j_49 j_49 j_49 j_79 ,j_293 j_66 j_293 ,j_230 j_49 j_230 j_783 j_293 j_230 j_79 
33,j_230 j_230 j_79 j_66 j_66 ,j_293 j_66 j_79 ,j_79 j_79 j_79 j_783 j_783 j_783 j_230 j_66 j_79 j_49 ,j_66 j_783 j_79 j_49 j_66 j_79 j_49 j_66 j_230 j_66 ,j_79 j_230 j_293 j_783 j_79 ,j_293 j_783 ,j_49 j_293 ,j_66 j_66 j_79 j_49 ,j_230 j_293 j_66 ,j_293 j_293 ,j_66 j_293 j_230 j_293 j_783 j_230 j_49 j_79 j_49 j_293 ,j_783 j_49 j_230 j_79 j_783 j_66 j_783 ,j_783 j_230 j_79 j_230 j_230 j_230 ,j_230 j_293 j_79 j_66 j_66 ,j_66 j_79 j_79 j_79 j_66 j_66 j_79 ,j_66 j_230 j_66 j_783 j_79 ,j_66 j_49 j_66 j_66 ,j_293 j_293 j_230 j_230 ,j_49 j_66 j_66 j_293 j_49 j_49 j_230 ,j_230 j_79 j_66 j_783 
34,j_49 j_79 j_49 j_783 j_79 j_293 j_79 j_66 ,j_293 j_79 j_79 j_293 ,j_49 j_230 j_66 j_49 j_79 j_66 j_79 j_293 j_66 ,j_49 j_293 j_79 ,j_49 j_49 j_293 j_230 j_79 ,j_79 j_79 j_783 j_49 j_49 j_230 ,j_230 j_49 j_230 ,j_79 j_783 ,j_66 j_49 j_79 j_783 j_49 ,j_293 j_783 j_293 j_66 ,j_49 j_79 ,j_783 j_293 j_230 j_66 j_783 ,j_293 j_293 j_230 j_230 ,j_49 j_79 ,j_79 j_230 ,j_66 j_49 j_293 ,j_293 j_66 j_293 j_783 j_49 ,j_49 j_49 j_79 j_79 j_79 j_66 j_230 j_79 j_66 j_230 j_79 j_293 j_293 j_783 ,j_293 j_66 j_49 j_293 j_783 j_66 j_783 ,j_293 j_79 j_230 
35,j_49 j_783 j_66 ,j_783 j_79 j_230 ,j_783 j_293 j_230 j_230 j_66 j_293 j_293 j_293 j_66 j_66 ,j_79 j_293 j_49 j_79 ,j_66 j_783 j_49 ,j_66 j_783 j_49 j_230 ,j_79 j_293 j_49 ,j_66 ,j_79 j_230 ,j_293 j_66 j_79 j_783 ,j_293 j_293 j_293 ,j_783 j_293 ,j_49 j_49 j_49 ,j_66 j_66 j_49 j_230 j_79 j_293 j_66 j_49 j_49 ,j_49 j_230 j_293 j_230 ,j_293 j_49 j_293 j_49 j_49 j_783 j_49 j_783 j_783 ,j_49 j_49 j_293 ,j_66 j_230 j_49 j_293 j_230 ,j_293 j_49 j_230 j_293 j_230 ,j_66 j_230 j_783 j_66 j_293 j_79 j_783 
36,j_49 j_293 j_79 ,j_230 j_230 j_783 j_783 j_230 ,j_293 j_66 j_783 j_79 ,j_230 j_783 j_230 j_293 j_293 j_49 ,j_230 j_230 j_79 j_49 ,j_230 j_79 ,j_49 j_79 j_230 j_230 j_79 j_49 ,j_79 j_79 j_79 j_66 j_66 j_79 j_49 ,j_66 j_66 j_293 j_783 j_230 ,j_783 j_783 j_66 j_783 j_79 j_783 ,j_66 j_66 j_79 j_293 j_66 ,j_66 j_293 j_49 j_79 j_79 ,j_293 j_230 j_66 j_79 j_293 j_293 ,j_66 j_66 j_79 j_49 ,,j_230 j_230 j_66 j_230 j_66 ,j_49 j_79 ,j_49 j_230 j_783 j_49 j_783 ,j_79 j_66 j_66 j_783 j_49 j_79 j_66 j_79 j_66 ,j_783 j_49 j_230 j_783 j_49 j_66 j_49 j_293 
37,j_66 j_783 j_66 j_49 j_293 ,j_293 j_783 j_79 j_49 ,j_66 j_49 j_49 ,j_66 j_293 j_79 ,j_293 j_79 ,j_293 j_293 j_230 j_230 j_230 j_293 j_66 ,j_79 j_66 j_66 j_49 j_49 ,j_293 j_783 j_783 j_230 j_293 j_79 j_49 ,j_66 j_49 j_293 j_783 j_783 j_783 ,j_293 j_66 j_79 j_783 ,j_230 j_783 j_293 j_230 j_79 j_49 ,j_49 j_79 j_230 j_66 ,j_293 j_230 j_49 ,j_66 j_783 j_783 j_49 j_49 ,j_49 j_783 j_293 ,j_230 j_783 j_230 j_783 j_230 ,j_49 j_79 j_49 j_49 ,j_293 j_783 j_293 j_783 j_783 j_79 j_79 j_293 j_66 j_230 j_293 ,j_230 j_79 j_783 ,j_293 j_230 j_49 j_293 j_79 j_293 
38,j_230 j_783 j_49 j_49 ,j_230 j_230 j_293 j_66 j_49 j_49 ,j_230 j_783 j_66 j_783 j_79 j_230 j_783 ,j_783 j_783 j_783 j_783 j_230 j_66 j_230 ,j_783 j_293 j_79 j_66 j_230 j_230 ,j_230 j_49 j_49 j_293 j_783 j_79 j_783 j_49 ,j_230 j_293 j_49 ,j_783 j_49 j_49 j_230 ,j_293 j_66 ,j_79 j_49 j_79 j_783 j_783 j_79 j_230 j_230 ,j_79 j_79 j_230 j_66 ,j_49 j_79 j_49 j_49 j_66 ,j_79 j_66 j_79 j_49 j_66 j_66 j_293 ,j_66 ,j_230 j_230 j_79 j_293 j_66 j_79 j_66 j_79 ,j_66 j_66 ,j_783 j_293 j_79 j_783 ,j_783 j_293 j_66 j_66 j_49 j_49 j_230 j_49 j_293 ,j_783 j_49 j_230 j_230 j_783 ,j_230 j_66 j_230 
39,j_79 ,j_49 j_293 j_230 j_230 ,j_230 j_66 j_79 j_783 j_783 ,j_783 j_49 j_79 j_783 ,j_66 j_783 j_783 j_49 j_79 j_66 j_783 ,j_783 j_293 j_783 ,j_79 j_293 j_783 j_66 j_79 j_66 j_230 ,j_66 j_49 ,j_293 j_66 j_230 ,j_79 j_49 j_783 j_783 j_783 j_230 j_230 j_79 j_783 j_230 ,j_293 j_230 ,j_783 j_293 j_230 j_49 ,j_66 j_79 j_66 j_783 ,j_66 j_79 j_230 ,j_79 j_783 j_293 j_783 ,j_79 j_783 ,j_293 j_230 j_49 j_79 ,j_66 j_79 ,j_79 j_230 j_293 j_293 j_49 ,j_66 j_49 j_79 j_230 
40,j_49 j_783 j_66 j_783 j_49 j_66 j_66 j_230 ,j_66 j_79 j_49 j_79 ,j_79 j_230 j_783 j_79 j_66 j_230 ,j_293 j_49 j_66 j_293 j_293 ,j_49 j_49 j_49 j_230 j_49 j_79 j_783 j_79 ,j_783 j_293 j_66 j_49 j_49 ,j_66 j_293 j_49 j_230 ,j_230 j_79 ,j_230 j_230 j_230 j_49 j_79 j_79 ,j_230 j_230 j_66 j_66 j_230 ,j_293 j_79 j_230 j_79 j_293 j_66 j_783 j_783 ,j_230 j_293 j_79 ,j_230 j_293 j_79 j_293 j_293 j_230 j_293 ,j_230 j_79 j_230 j_66 j_230 j_783 j_783 j_783 j_230 j_293 ,j_66 j_293 j_783 ,j_66 j_79 j_49 j_66 j_293 j_783 j_230 ,j_66 j_293 j_49 ,j_230 j_66 j_79 j_230 j_293 ,j_230 ,j_230 j_230 j_293 
41,j_293 j_293 j_783 j_293 ,j_293 j_230 j_66 j_783 j_230 ,j_49 j_230 j_230 j_79 ,j_49 j_49 j_230 j_783 j_783 ,j_230 j_66 j_293 j_230 ,j_49 j_66 ,j_230 j_230 j_783 j_79 j_783 j_66 j_66 j_79 j_49 j_293 ,j_66 j_79 j_79 ,j_230 j_66 j_230 ,j_49 j_66 j_293 j_79 j_66 j_49 j_49 ,j_49 j_66 j_49 ,j_783 j_66 j_49 j_79 j_49 j_66 j_293 j_79 j_66 ,j_49 j_293 j_783 ,j_66 j_230 j_230 j_79 j_66 j_66 j_66 ,j_79 j_79 j_230 j_230 j_79 ,j_293 j_783 j_293 j_783 ,,j_783 j_783 j_49 j_49 ,j_783 j_66 j_49 j_49 j_230 j_293 j_49 j_49 j_49 ,j_783 j_230 j_66 j_230 j_66 j_783 
42,j_79 j_783 j_79 j_293 j_66 j_49 j_79 j_66 ,j_66 j_293 j_79 j_49 j_66 j_293 ,j_66 j_49 j_49 j_66 j_783 j_79 ,j_79 ,j_230 j_66 j_783 j_230 j_66 j_293 j_230 ,j_49 j_783 j_230 j_49 j_293 j_230 j_230 j_49 j_66 j_783 j_66 ,j_293 j_49 j_79 j_783 j_79 ,j_79 j_79 j_49 j_79 j_230 j_49 j_79 j_79 j_66 j_230 ,j_293 j_293 ,j_66 j_783 j_230 j_49 j_49 j_783 j_79 ,j_66 ,j_293 j_783 j_66 j_230 j_230 ,j_79 j_49 j_49 j_79 j_783 ,j_66 j_79 j_230 ,j_49 j_783 j_79 j_230 j_783 j_293 j_49 j_49 ,j_66 j_49 j_293 j_49 ,j_783 j_293 j_783 j_79 j_49 j_49 j_49 j_66 j_783 j_230 j_66 ,j_230 j_66 j_783 j_293 j_293 j_79 ,j_293 j_79 j_230 j_66 j_293 j_783 ,j_79 j_230 j_230 j_79 j_79 j_66 j_79 
43,j_79 j_79 j_230 ,j_79 j_783 j_230 j_49 j_230 ,j_783 j_230 j_293 j_783 j_66 j_230 ,j_79 j_66 j_49 ,j_230 j_783 j_79 j_783 j_79 ,j_49 j_79 j_66 ,j_49 j_79 j_783 j_293 j_79 j_79 ,j_79 j_79 j_230 j_783 j_66 j_230 ,j_79 j_293 j_49 j_66 j_293 ,j_49 j_66 j_230 j_79 j_79 j_230 ,j_230 j_79 j_79 j_230 j_293 j_230 ,j_66 j_230 j_293 j_79 ,j_293 j_783 j_783 j_66 j_293 ,j_230 j_49 ,j_79 j_230 j_49 j_66 j_49 j_293 ,j_79 j_66 j_783 ,j_49 j_230 j_79 ,j_49 j_230 j_230 j_66 j_49 ,j_783 j_66 j_783 j_783 j_293 ,j_66 j_230 j_66 
44,j_66 j_293 j_783 ,j_79 j_293 j_66 ,j_66 j_49 j_49 ,j_66 j_230 j_293 j_230 j_49 j_230 ,j_230 j_66 j_783 j_49 j_79 j_49 j_293 j_293 j_230 j_79 j_230 ,j_79 j_49 ,j_49 j_230 j_66 j_49 j_49 ,j_783 j_49 j_783 j_293 j_49 j_66 ,j_293 j_49 j_230 j_783 j_783 j_49 j_293 ,j_230 j_49 j_783 ,j_293 j_49 j_293 ,j_79 j_79 j_783 j_49 j_79 ,j_79 j_293 j_293 j_49 j_783 j_293 j_79 j_230 j_783 ,j_293 j_783 j_66 j_293 j_293 j_293 j_66 j_230 j_293 j_230 ,j_230 j_49 j_49 j_66 j_293 ,j_79 j_293 j_79 j_49 j_79 j_783 j_49 ,j_66 j_79 j_79 j_79 j_230 ,j_293 j_66 j_293 j_293 ,j_49 j_79 j_783 j_293 ,j_66 j_783 j_293 j_783 
45,j_230 j_783 j_230 j_230 j_230 j_66 j_293 j_230 ,j_79 j_783 j_783 j_293 j_293 ,j_49 j_293 j_79 j_230 j_49 ,j_79 j_79 j_49 j_783 j_293 j_783 j_79 j_293 j_783 ,j_230 j_230 j_66 j_293 j_66 ,j_49 j_49 j_230 j_49 ,j_49 ,j_230 j_79 j_783 j_230 j_49 j_783 j_230 j_66 j_79 j_49 ,j_783 j_66 j_230 j_293 j_783 ,j_79 j_79 j_783 j_49 j_66 j_230 j_49 j_66 ,j_783 j_49 j_230 j_79 j_230 ,j_49 j_783 j_79 j_49 j_783 j_79 j_293 j_49 ,j_66 j_293 ,j_49 j_783 j_49 j_79 j_783 j_783 ,j_230 j_783 j_783 j_79 ,j_783 j_49 j_49 ,j_66 j_230 j_293 j_293 ,j_66 j_66 j_783 ,j_66 j_293 j_49 j_49 j_293 j_293 ,j_49 
46,j_79 j_293 j_783 j_783 j_66 ,j_49 j_783 ,j_783 j_230 j_66 j_49 j_66 j_230 ,j_79 j_79 j_66 j_49 j_49 ,j_66 j_49 j_230 j_783 j_79 j_783 j_79 ,j_49 j_66 j_783 j_230 j_49 j_783 j_783 j_293 ,j_66 j_66 j_79 j_783 j_230 j_79 ,j_783 j_293 j_49 j_783 j_293 ,j_66 j_783 j_230 j_783 j_66 j_783 ,j_66 j_293 j_49 j_783 ,j_79 j_66 j_783 j_66 ,j_66 j_293 j_79 j_66 j_79 j_293 ,j_66 j_783 j_293 j_66 j_783 j_79 ,j_783 ,j_230 j_230 j_79 j_49 j_783 ,j_66 j_49 j_293 j_293 j_293 j_783 ,j_293 j_66 j_293 ,j_79 j_293 j_230 j_79 j_66 j_230 j_79 j_66 ,j_79 j_293 j_66 j_230 j_49 j_79 j_230 ,j_783 j_66 j_230 j_783 j_230 
47,j_230 j_230 j_230 j_49 ,j_293 ,j_230 j_49 j_783 j_783 j_230 ,j_49 j_293 j_230 j_49 j_783 ,j_783 j_79 j_293 j_66 j_230 j_783 ,j_49 j_783 ,j_783 j_230 j_293 j_66 ,j_293 ,j_66 j_783 ,j_49 j_783 j_293 ,j_49 j_79 j_783 j_79 ,j_783 j_230 j_66 j_79 ,j_783 j_293 j_783 j_66 j_293 ,j_49 j_293 j_49 ,j_230 j_230 j_230 j_66 j_66 j_79 j_293 j_49 ,j_79 j_293 j_230 j_230 j_230 j_66 j_66 j_49 ,j_230 j_49 j_66 j_66 ,j_79 j_293 j_79 j_66 ,j_66 j_66 j_230 j_230 j_783 j_293 ,j_783 j_783 j_79 j_49 j_66 j_783 j_783 
48,j_293 j_230 j_66 ,j_66 j_230 j_783 j_230 j_783 ,j_66 j_66 j_783 ,j_293 ,j_230 j_66 j_79 j_230 j_79 j_783 j_230 j_79 j_230 j_79 j_783 j_783 j_66 j_79 j_49 ,j_79 j_783 j_49 j_49 ,j_66 j_66 j_66 j_783 ,j_783 j_79 ,j_230 j_66 j_783 j_66 j_293 j_66 j_66 j_79 j_230 j_49 ,j_230 j_230 j_783 j_293 j_293 ,j_66 ,j_66 j_49 j_293 ,j_79 j_230 j_79 j_49 j_66 ,j_293 j_293 ,j_293 j_293 j_79 j_49 j_79 j_49 j_293 j_66 ,j_49 j_293 j_293 j_230 j_66 ,j_293 j_66 j_783 j_230 j_293 j_783 j_49 j_79 ,j_783 j_230 j_49 j_66 j_783 ,j_230 j_230 j_66 j_293 j_79 ,j_79 j_66 j_79 
49,j_230 j_293 j_293 j_66 j_230 j_49 ,j_49 j_49 j_783 j_66 ,j_79 j_49 j_230 j_79 ,j_293 j_293 j_79 j_293 ,j_79 j_230 j_49 j_293 ,j_49 j_79 j_293 j_783 j_293 j_783 ,j_293 j_293 j_783 j_66 j_783 ,j_293 j_79 j_293 j_66 j_293 ,j_783 j_79 j_79 j_230 ,j_293 j_293 j_783 j_293 ,j_79 j_66 j_49 j_66 j_293 ,j_783 j_79 j_66 j_230 ,j_783 j_66 j_230 j_49 ,j_66 j_293 j_66 j_49 j_783 j_293 ,j_79 j_293 j_293 j_66 j_293 j_293 j_79 ,j_230 ,j_79 j_66 j_49 j_49 j_66 ,j_79 j_230 j_783 j_293 j_783 ,j_79 j_783 j_293 j_79 j_49 j_66 ,j_293 j_49 j_230 j_230 j_79 j_66 j_79 j_293 j_783 
